type,cost_min,cost_max,cost_median,cost_Q1,cost_Q3,cost_avg,cost_total,time_inUse_min,time_inUse_max,time_inUse_median,time_inUse_Q1,time_inUse_Q3,time_inUse_avg,time_inUse_total,time_available_min,time_available_max,time_available_median,time_available_Q1,time_available_Q3,time_available_avg,time_available_total,time_workload_min,time_workload_max,time_workload_median,time_workload_Q1,time_workload_Q3,time_workload_avg,time_workload_total,instances_instance_0_id,instances_instance_0_cost,instances_instance_0_time_inUse,instances_instance_0_time_available,instances_instance_0_time_workload
0,0.0,0.0,0.0,0.0,0.0,0.0,0.0,0.0,0.0,0.0,0.0,0.0,0.0,0.0,1736320.0,1736320.0,1736320.0,1736320.0,1736320.0,1736320.0,1736320.0,0.0,0.0,0.0,0.0,0.0,0.0,0.0,#0,0.0,0,1736320,0.0
Role_8,3472640.0,3472640.0,3472640.0,3472640.0,3472640.0,3472640.0,3472640.0,5.688825E7,5.688825E7,5.688825E7,5.688825E7,5.688825E7,5.688825E7,5.688825E7,1736320.0,1736320.0,1736320.0,1736320.0,1736320.0,1736320.0,1736320.0,32.7636898728345,32.7636898728345,32.7636898728345,32.7636898728345,32.7636898728345,32.7636898728345,32.7636898728345,ID4820,3472640.0,56888250,1736320,32.7636898728345
Role_4,1.215424E7,1.215424E7,1.215424E7,1.215424E7,1.215424E7,1.215424E7,1.215424E7,8521965.0,8521965.0,8521965.0,8521965.0,8521965.0,8521965.0,8521965.0,1736320.0,1736320.0,1736320.0,1736320.0,1736320.0,1736320.0,1736320.0,4.9080613020641355,4.9080613020641355,4.9080613020641355,4.9080613020641355,4.9080613020641355,4.9080613020641355,4.9080613020641355,ID0998,1.215424E7,8521965,1736320,4.9080613020641355
