type,cost_min,cost_max,cost_median,cost_Q1,cost_Q3,cost_avg,cost_total,time_inUse_min,time_inUse_max,time_inUse_median,time_inUse_Q1,time_inUse_Q3,time_inUse_avg,time_inUse_total,time_available_min,time_available_max,time_available_median,time_available_Q1,time_available_Q3,time_available_avg,time_available_total,time_workload_min,time_workload_max,time_workload_median,time_workload_Q1,time_workload_Q3,time_workload_avg,time_workload_total,instances_instance_0_id,instances_instance_0_cost,instances_instance_0_time_inUse,instances_instance_0_time_available,instances_instance_0_time_workload
0,0.0,0.0,0.0,0.0,0.0,0.0,0.0,0.0,0.0,0.0,0.0,0.0,0.0,0.0,5.1364835E7,5.1364835E7,5.1364835E7,5.1364835E7,5.1364835E7,5.1364835E7,5.1364835E7,0.0,0.0,0.0,0.0,0.0,0.0,0.0,#0,0.0,0,51364835,0.0
Role_5,3.59553845E8,3.59553845E8,3.59553845E8,3.59553845E8,3.59553845E8,3.59553845E8,3.59553845E8,8521965.0,8521965.0,8521965.0,8521965.0,8521965.0,8521965.0,8521965.0,5.1364835E7,5.1364835E7,5.1364835E7,5.1364835E7,5.1364835E7,5.1364835E7,5.1364835E7,0.16591049109765466,0.16591049109765466,0.16591049109765466,0.16591049109765466,0.16591049109765466,0.16591049109765466,0.16591049109765466,ID0998,3.59553845E8,8521965,51364835,0.16591049109765466
Role_3,1.0272967E8,1.0272967E8,1.0272967E8,1.0272967E8,1.0272967E8,1.0272967E8,1.0272967E8,5.6842575E7,5.6842575E7,5.6842575E7,5.6842575E7,5.6842575E7,5.6842575E7,5.6842575E7,5.1364835E7,5.1364835E7,5.1364835E7,5.1364835E7,5.1364835E7,5.1364835E7,5.1364835E7,1.1066437768173498,1.1066437768173498,1.1066437768173498,1.1066437768173498,1.1066437768173498,1.1066437768173498,1.1066437768173498,ID4820,1.0272967E8,56842575,51364835,1.1066437768173498
