repetition,overall_process_time,overall_waiting_time,overall_cycle_time,overall_avg_process_time,overall_avg_waiting_time,overall_avg_cycle_time
1,2623316.52108069,10513006.794710154,272894288.8639999,7495.190060230543,30037.16227060044,779697.9681828569
2,2490647.515852034,2132041.631404171,95664832.82100001,7116.135759577241,6091.547518297632,273328.09377428575
