type,cost_min,cost_max,cost_median,cost_Q1,cost_Q3,cost_avg,cost_total,time_inUse_min,time_inUse_max,time_inUse_median,time_inUse_Q1,time_inUse_Q3,time_inUse_avg,time_inUse_total,time_available_min,time_available_max,time_available_median,time_available_Q1,time_available_Q3,time_available_avg,time_available_total,time_workload_min,time_workload_max,time_workload_median,time_workload_Q1,time_workload_Q3,time_workload_avg,time_workload_total,instances_instance_0_id,instances_instance_0_cost,instances_instance_0_time_inUse,instances_instance_0_time_available,instances_instance_0_time_workload
0,0.0,0.0,0.0,0.0,0.0,0.0,0.0,0.0,0.0,0.0,0.0,0.0,0.0,0.0,3.850215E7,3.850215E7,3.850215E7,3.850215E7,3.850215E7,3.850215E7,3.850215E7,0.0,0.0,0.0,0.0,0.0,0.0,0.0,#0,0.0,0,38502150,0.0
Role_8,7.70043E7,7.70043E7,7.70043E7,7.70043E7,7.70043E7,7.70043E7,7.70043E7,5.6374855E7,5.6374855E7,5.6374855E7,5.6374855E7,5.6374855E7,5.6374855E7,5.6374855E7,3.850215E7,3.850215E7,3.850215E7,3.850215E7,3.850215E7,3.850215E7,3.850215E7,1.4642001810288516,1.4642001810288516,1.4642001810288516,1.4642001810288516,1.4642001810288516,1.4642001810288516,1.4642001810288516,ID4820,7.70043E7,56374855,38502150,1.4642001810288516
Role_4,2.6951505E8,2.6951505E8,2.6951505E8,2.6951505E8,2.6951505E8,2.6951505E8,2.6951505E8,8492309.0,8492309.0,8492309.0,8492309.0,8492309.0,8492309.0,8492309.0,3.850215E7,3.850215E7,3.850215E7,3.850215E7,3.850215E7,3.850215E7,3.850215E7,0.2205671371598729,0.2205671371598729,0.2205671371598729,0.2205671371598729,0.2205671371598729,0.2205671371598729,0.2205671371598729,ID0998,2.6951505E8,8492309,38502150,0.2205671371598729
