type,cost_min,cost_max,cost_median,cost_Q1,cost_Q3,cost_avg,cost_total,time_inUse_min,time_inUse_max,time_inUse_median,time_inUse_Q1,time_inUse_Q3,time_inUse_avg,time_inUse_total,time_available_min,time_available_max,time_available_median,time_available_Q1,time_available_Q3,time_available_avg,time_available_total,time_workload_min,time_workload_max,time_workload_median,time_workload_Q1,time_workload_Q3,time_workload_avg,time_workload_total,instances_instance_0_id,instances_instance_0_cost,instances_instance_0_time_inUse,instances_instance_0_time_available,instances_instance_0_time_workload
0,0.0,0.0,0.0,0.0,0.0,0.0,0.0,0.0,0.0,0.0,0.0,0.0,0.0,0.0,3.35571E7,3.35571E7,3.35571E7,3.35571E7,3.35571E7,3.35571E7,3.35571E7,0.0,0.0,0.0,0.0,0.0,0.0,0.0,#0,0.0,0,33557100,0.0
Role_8,6.71142E7,6.71142E7,6.71142E7,6.71142E7,6.71142E7,6.71142E7,6.71142E7,5.6353135E7,5.6353135E7,5.6353135E7,5.6353135E7,5.6353135E7,5.6353135E7,5.6353135E7,3.35571E7,3.35571E7,3.35571E7,3.35571E7,3.35571E7,3.35571E7,3.35571E7,1.679320769673184,1.679320769673184,1.679320769673184,1.679320769673184,1.679320769673184,1.679320769673184,1.679320769673184,ID4820,6.71142E7,56353135,33557100,1.679320769673184
Role_4,2.348997E8,2.348997E8,2.348997E8,2.348997E8,2.348997E8,2.348997E8,2.348997E8,8457411.0,8457411.0,8457411.0,8457411.0,8457411.0,8457411.0,8457411.0,3.35571E7,3.35571E7,3.35571E7,3.35571E7,3.35571E7,3.35571E7,3.35571E7,0.25203044959188964,0.25203044959188964,0.25203044959188964,0.25203044959188964,0.25203044959188964,0.25203044959188964,0.25203044959188964,ID0998,2.348997E8,8457411,33557100,0.25203044959188964
