repetition,overall_process_time,overall_waiting_time,overall_cycle_time,overall_avg_process_time,overall_avg_waiting_time,overall_avg_cycle_time
1,2592729.241112968,4943826.037357407,155830854.33399993,7407.797831751337,14125.21724959259,445231.0123828569
2,2495206.048097854,5662586.420588116,169089225.41599992,7129.16013742244,16178.818344537474,483112.07261714264
