repetition,overall_process_time,overall_waiting_time,overall_cycle_time,overall_avg_process_time,overall_avg_waiting_time,overall_avg_cycle_time
1,2555431.358381879,4679725.038245972,149222777.75100002,7301.2324525196545,13370.642966417063,426350.79357428575
2,2523496.4117743247,3765256.169603555,129990474.23200004,7209.989747926642,10757.874770295872,371401.35494857153
