repetition,overall_process_time,overall_waiting_time,overall_cycle_time,overall_avg_process_time,overall_avg_waiting_time,overall_avg_cycle_time
1,2617211.0559280976,8365691.101482334,227585559.00100002,7477.745874080279,23901.97457566381,650244.4542885715
2,2605048.416780857,4200180.161771772,140675907.555,7442.995476516734,12000.51474791935,401931.16444285715
