repetition,overall_process_time,overall_waiting_time,overall_cycle_time,overall_avg_process_time,overall_avg_waiting_time,overall_avg_cycle_time
1,2522539.645925261,5804632.30390066,172322619.13999996,7207.256131215032,16584.66372543046,492350.34039999987
2,2546595.4069084534,4348831.60400554,144094947.85599998,7275.986876881296,12425.233154301543,411699.85101714276
