repetition,overall_process_time,overall_waiting_time,overall_cycle_time,overall_avg_process_time,overall_avg_waiting_time,overall_avg_cycle_time
1,2532373.058703698,12767736.10136186,317065054.50999993,7235.351596296281,36479.24600389103,905900.1557428569
2,2556322.524623624,2861405.8675637045,112256427.40400004,7303.778641781783,8175.445335896298,320732.6497257144
