repetition,overall_process_time,overall_waiting_time,overall_cycle_time,overall_avg_process_time,overall_avg_waiting_time,overall_avg_cycle_time
1,2723290.244327968,75746355.33987814,1607205840.0269995,7780.82926950848,216418.15811393753,4592016.685791427
2,2485789.7483415445,55944236.669952065,1207340981.2899997,7102.256423832984,159840.67619986305,3449545.660828571
