repetition,overall_process_time,overall_waiting_time,overall_cycle_time,overall_avg_process_time,overall_avg_waiting_time,overall_avg_cycle_time
1,2539420.1477585975,6834187.8572879955,192782272.55799997,7255.486136453136,19526.251020822845,550806.493022857
2,2600623.9256590987,3380003.7349289674,123584687.27599998,7430.354073311711,9657.153528368479,353099.10650285706
