type,cost_min,cost_max,cost_median,cost_Q1,cost_Q3,cost_avg,cost_total,time_inUse_min,time_inUse_max,time_inUse_median,time_inUse_Q1,time_inUse_Q3,time_inUse_avg,time_inUse_total,time_available_min,time_available_max,time_available_median,time_available_Q1,time_available_Q3,time_available_avg,time_available_total,time_workload_min,time_workload_max,time_workload_median,time_workload_Q1,time_workload_Q3,time_workload_avg,time_workload_total,instances_instance_0_id,instances_instance_0_cost,instances_instance_0_time_inUse,instances_instance_0_time_available,instances_instance_0_time_workload
0,0.0,0.0,0.0,0.0,0.0,0.0,0.0,0.0,0.0,0.0,0.0,0.0,0.0,0.0,3.30354E7,3.30354E7,3.30354E7,3.30354E7,3.30354E7,3.30354E7,3.30354E7,0.0,0.0,0.0,0.0,0.0,0.0,0.0,#0,0.0,0,33035400,0.0
Role_8,6.60708E7,6.60708E7,6.60708E7,6.60708E7,6.60708E7,6.60708E7,6.60708E7,5.6353135E7,5.6353135E7,5.6353135E7,5.6353135E7,5.6353135E7,5.6353135E7,5.6353135E7,3.30354E7,3.30354E7,3.30354E7,3.30354E7,3.30354E7,3.30354E7,3.30354E7,1.7058408555670583,1.7058408555670583,1.7058408555670583,1.7058408555670583,1.7058408555670583,1.7058408555670583,1.7058408555670583,ID4820,6.60708E7,56353135,33035400,1.7058408555670583
Role_4,2.312478E8,2.312478E8,2.312478E8,2.312478E8,2.312478E8,2.312478E8,2.312478E8,8430647.0,8430647.0,8430647.0,8430647.0,8430647.0,8430647.0,8430647.0,3.30354E7,3.30354E7,3.30354E7,3.30354E7,3.30354E7,3.30354E7,3.30354E7,0.2552003910956126,0.2552003910956126,0.2552003910956126,0.2552003910956126,0.2552003910956126,0.2552003910956126,0.2552003910956126,ID0998,2.312478E8,8430647,33035400,0.2552003910956126
