repetition,overall_process_time,overall_waiting_time,overall_cycle_time,overall_avg_process_time,overall_avg_waiting_time,overall_avg_cycle_time
1,2609915.521614542,12119041.562427254,308073645.56399995,7456.901490327264,34625.83303550644,880210.4158971427
2,2495658.318688583,2944010.870864844,115204069.10900003,7130.4523391102375,8411.459631042411,329154.4831685715
