type,cost_min,cost_max,cost_median,cost_Q1,cost_Q3,cost_avg,cost_total,time_inUse_min,time_inUse_max,time_inUse_median,time_inUse_Q1,time_inUse_Q3,time_inUse_avg,time_inUse_total,time_available_min,time_available_max,time_available_median,time_available_Q1,time_available_Q3,time_available_avg,time_available_total,time_workload_min,time_workload_max,time_workload_median,time_workload_Q1,time_workload_Q3,time_workload_avg,time_workload_total,instances_instance_0_id,instances_instance_0_cost,instances_instance_0_time_inUse,instances_instance_0_time_available,instances_instance_0_time_workload
0,0.0,0.0,0.0,0.0,0.0,0.0,0.0,0.0,0.0,0.0,0.0,0.0,0.0,0.0,3.68823E7,3.68823E7,3.68823E7,3.68823E7,3.68823E7,3.68823E7,3.68823E7,0.0,0.0,0.0,0.0,0.0,0.0,0.0,#0,0.0,0,36882300,0.0
Role_5,2.581761E8,2.581761E8,2.581761E8,2.581761E8,2.581761E8,2.581761E8,2.581761E8,8465545.0,8465545.0,8465545.0,8465545.0,8465545.0,8465545.0,8465545.0,3.68823E7,3.68823E7,3.68823E7,3.68823E7,3.68823E7,3.68823E7,3.68823E7,0.22952866280031342,0.22952866280031342,0.22952866280031342,0.22952866280031342,0.22952866280031342,0.22952866280031342,0.22952866280031342,ID0998,2.581761E8,8465545,36882300,0.22952866280031342
Role_3,7.37646E7,7.37646E7,7.37646E7,7.37646E7,7.37646E7,7.37646E7,7.37646E7,5.6374855E7,5.6374855E7,5.6374855E7,5.6374855E7,5.6374855E7,5.6374855E7,5.6374855E7,3.68823E7,3.68823E7,3.68823E7,3.68823E7,3.68823E7,3.68823E7,3.68823E7,1.528507034539603,1.528507034539603,1.528507034539603,1.528507034539603,1.528507034539603,1.528507034539603,1.528507034539603,ID4820,7.37646E7,56374855,36882300,1.528507034539603
