repetition,overall_process_time,overall_waiting_time,overall_cycle_time,overall_avg_process_time,overall_avg_waiting_time,overall_avg_cycle_time
1,2519493.01490731,1153761.9278706296,75908052.10900003,7198.5514711637425,3296.462651058942,216880.14888285723
2,2541853.0979766957,6720891.0968123395,191234537.1800001,7262.437422790559,19202.5459908924,546384.3919428574
