repetition,overall_process_time,overall_waiting_time,overall_cycle_time,overall_avg_process_time,overall_avg_waiting_time,overall_avg_cycle_time
1,2557548.6317591434,4843587.690450873,153188662.43100017,7307.281805026124,13838.82197271678,437681.8926600005
2,2619160.930650316,10991064.179606676,280563565.3979999,7483.3169447151895,31403.04051316193,801610.1868514282
