repetition,overall_process_time,overall_waiting_time,overall_cycle_time,overall_avg_process_time,overall_avg_waiting_time,overall_avg_cycle_time
1,2545411.1719306954,8044234.62830229,220283057.72800004,7272.603348373415,22983.527509435116,629380.164937143
2,2666122.394047582,3041255.8813338475,117286670.09600002,7617.492554421663,8689.302518096707,335104.77170285716
