type,cost_min,cost_max,cost_median,cost_Q1,cost_Q3,cost_avg,cost_total,time_inUse_min,time_inUse_max,time_inUse_median,time_inUse_Q1,time_inUse_Q3,time_inUse_avg,time_inUse_total,time_available_min,time_available_max,time_available_median,time_available_Q1,time_available_Q3,time_available_avg,time_available_total,time_workload_min,time_workload_max,time_workload_median,time_workload_Q1,time_workload_Q3,time_workload_avg,time_workload_total,instances_instance_0_id,instances_instance_0_cost,instances_instance_0_time_inUse,instances_instance_0_time_available,instances_instance_0_time_workload
0,0.0,0.0,0.0,0.0,0.0,0.0,0.0,0.0,0.0,0.0,0.0,0.0,0.0,0.0,4467547.0,4467547.0,4467547.0,4467547.0,4467547.0,4467547.0,4467547.0,0.0,0.0,0.0,0.0,0.0,0.0,0.0,#0,0.0,0,4467547,0.0
Role_5,3.1272829E7,3.1272829E7,3.1272829E7,3.1272829E7,3.1272829E7,3.1272829E7,3.1272829E7,8457411.0,8457411.0,8457411.0,8457411.0,8457411.0,8457411.0,8457411.0,4467547.0,4467547.0,4467547.0,4467547.0,4467547.0,4467547.0,4467547.0,1.8930771181590256,1.8930771181590256,1.8930771181590256,1.8930771181590256,1.8930771181590256,1.8930771181590256,1.8930771181590256,ID0998,3.1272829E7,8457411,4467547,1.8930771181590256
Role_3,8935094.0,8935094.0,8935094.0,8935094.0,8935094.0,8935094.0,8935094.0,5.8778788E7,5.8778788E7,5.8778788E7,5.8778788E7,5.8778788E7,5.8778788E7,5.8778788E7,4467547.0,4467547.0,4467547.0,4467547.0,4467547.0,4467547.0,4467547.0,13.156837074125914,13.156837074125914,13.156837074125914,13.156837074125914,13.156837074125914,13.156837074125914,13.156837074125914,ID4820,8935094.0,58778788,4467547,13.156837074125914
