repetition,overall_process_time,overall_waiting_time,overall_cycle_time,overall_avg_process_time,overall_avg_waiting_time,overall_avg_cycle_time
1,2638413.478049129,7383807.255026125,205923223.43799984,7538.324222997511,21096.5921572175,588352.0669657139
2,2588766.000978927,3441113.432123035,123703070.12799999,7396.47428851122,9831.752663208672,353437.3432228571
