repetition,overall_process_time,overall_waiting_time,overall_cycle_time,overall_avg_process_time,overall_avg_waiting_time,overall_avg_cycle_time
1,2571666.444652425,5222884.013423471,160806850.516,7347.618413292643,14922.525752638488,459448.1443314286
2,2648895.6589712505,9955262.547396267,261375436.59800002,7568.27331134643,28443.60727827505,746786.9617085715
