type,cost_min,cost_max,cost_median,cost_Q1,cost_Q3,cost_avg,cost_total,time_inUse_min,time_inUse_max,time_inUse_median,time_inUse_Q1,time_inUse_Q3,time_inUse_avg,time_inUse_total,time_available_min,time_available_max,time_available_median,time_available_Q1,time_available_Q3,time_available_avg,time_available_total,time_workload_min,time_workload_max,time_workload_median,time_workload_Q1,time_workload_Q3,time_workload_avg,time_workload_total,instances_instance_0_id,instances_instance_0_cost,instances_instance_0_time_inUse,instances_instance_0_time_available,instances_instance_0_time_workload
0,0.0,0.0,0.0,0.0,0.0,0.0,0.0,0.0,0.0,0.0,0.0,0.0,0.0,0.0,4.7328372E7,4.7328372E7,4.7328372E7,4.7328372E7,4.7328372E7,4.7328372E7,4.7328372E7,0.0,0.0,0.0,0.0,0.0,0.0,0.0,#0,0.0,0,47328372,0.0
Role_8,9.4656744E7,9.4656744E7,9.4656744E7,9.4656744E7,9.4656744E7,9.4656744E7,9.4656744E7,5.8681588E7,5.8681588E7,5.8681588E7,5.8681588E7,5.8681588E7,5.8681588E7,5.8681588E7,4.7328372E7,4.7328372E7,4.7328372E7,4.7328372E7,4.7328372E7,4.7328372E7,4.7328372E7,1.2398818197253858,1.2398818197253858,1.2398818197253858,1.2398818197253858,1.2398818197253858,1.2398818197253858,1.2398818197253858,ID4820,9.4656744E7,58681588,47328372,1.2398818197253858
Role_4,3.31298604E8,3.31298604E8,3.31298604E8,3.31298604E8,3.31298604E8,3.31298604E8,3.31298604E8,8156145.0,8156145.0,8156145.0,8156145.0,8156145.0,8156145.0,8156145.0,4.7328372E7,4.7328372E7,4.7328372E7,4.7328372E7,4.7328372E7,4.7328372E7,4.7328372E7,0.17233098573515268,0.17233098573515268,0.17233098573515268,0.17233098573515268,0.17233098573515268,0.17233098573515268,0.17233098573515268,ID0998,3.31298604E8,8156145,47328372,0.17233098573515268
