repetition,overall_process_time,overall_waiting_time,overall_cycle_time,overall_avg_process_time,overall_avg_waiting_time,overall_avg_cycle_time
1,2542212.4472234948,3139953.65614982,117262751.74899992,7263.464134924271,8971.296160428057,335036.4335685712
2,2593817.4797103284,11275808.64934504,286490775.771,7410.907084886652,32216.59614098583,818545.0736314286
