repetition,overall_process_time,overall_waiting_time,overall_cycle_time,overall_avg_process_time,overall_avg_waiting_time,overall_avg_cycle_time
1,2555409.895314745,321962532.11413777,6997802991.809002,7301.1711294707,919892.9488975365,19993722.833740007
2,2588065.61186019,353917881.35373014,7649855695.906001,7394.4731767434005,1011193.9467249432,21856730.55973143
