type,cost_min,cost_max,cost_median,cost_Q1,cost_Q3,cost_avg,cost_total,time_inUse_min,time_inUse_max,time_inUse_median,time_inUse_Q1,time_inUse_Q3,time_inUse_avg,time_inUse_total,time_available_min,time_available_max,time_available_median,time_available_Q1,time_available_Q3,time_available_avg,time_available_total,time_workload_min,time_workload_max,time_workload_median,time_workload_Q1,time_workload_Q3,time_workload_avg,time_workload_total,instances_instance_0_id,instances_instance_0_cost,instances_instance_0_time_inUse,instances_instance_0_time_available,instances_instance_0_time_workload
0,0.0,0.0,0.0,0.0,0.0,0.0,0.0,0.0,0.0,0.0,0.0,0.0,0.0,0.0,5.0839657E7,5.0839657E7,5.0839657E7,5.0839657E7,5.0839657E7,5.0839657E7,5.0839657E7,0.0,0.0,0.0,0.0,0.0,0.0,0.0,#0,0.0,0,50839657,0.0
Role_2,1.01679314E8,1.01679314E8,1.01679314E8,1.01679314E8,1.01679314E8,1.01679314E8,1.01679314E8,5.6842575E7,5.6842575E7,5.6842575E7,5.6842575E7,5.6842575E7,5.6842575E7,5.6842575E7,5.0839657E7,5.0839657E7,5.0839657E7,5.0839657E7,5.0839657E7,5.0839657E7,5.0839657E7,1.118075501571539,1.118075501571539,1.118075501571539,1.118075501571539,1.118075501571539,1.118075501571539,1.118075501571539,ID4820,1.01679314E8,56842575,50839657,1.118075501571539
Role_4,3.55877599E8,3.55877599E8,3.55877599E8,3.55877599E8,3.55877599E8,3.55877599E8,3.55877599E8,8495201.0,8495201.0,8495201.0,8495201.0,8495201.0,8495201.0,8495201.0,5.0839657E7,5.0839657E7,5.0839657E7,5.0839657E7,5.0839657E7,5.0839657E7,5.0839657E7,0.16709792121532213,0.16709792121532213,0.16709792121532213,0.16709792121532213,0.16709792121532213,0.16709792121532213,0.16709792121532213,ID0998,3.55877599E8,8495201,50839657,0.16709792121532213
