repetition,overall_process_time,overall_waiting_time,overall_cycle_time,overall_avg_process_time,overall_avg_waiting_time,overall_avg_cycle_time
1,2589647.474107442,6671533.672522127,191480829.96800002,7398.99278316412,19061.524778634648,547088.0856228572
2,2579335.3681768198,9246782.632623637,243550168.28299993,7369.529623362342,26419.37895035325,695857.623665714
