repetition,overall_process_time,overall_waiting_time,overall_cycle_time,overall_avg_process_time,overall_avg_waiting_time,overall_avg_cycle_time
1,2536466.323042523,1220530.3871292323,76877864.01899996,7247.046637264351,3487.229677512092,219651.0400542856
2,2620961.5274345092,9889317.011340832,261687709.64200008,7488.46150695574,28255.191460973805,747679.1704057145
