repetition,overall_process_time,overall_waiting_time,overall_cycle_time,overall_avg_process_time,overall_avg_waiting_time,overall_avg_cycle_time
1,2600339.347844406,5184701.837730701,161044048.21099997,7429.54099384116,14813.433822087718,460125.8520314285
2,2537998.9726958526,7367133.412041666,207106559.012,7251.425636273864,21048.952605833332,591733.0257485714
