repetition,overall_process_time,overall_waiting_time,overall_cycle_time,overall_avg_process_time,overall_avg_waiting_time,overall_avg_cycle_time
1,2685552.774564182,4749619.946869004,151178872.26699996,7673.0079273262345,13570.34270534001,431939.63504857133
2,2587727.0533182714,2074133.4429911284,96688650.10299999,7393.505866623633,5926.095551403224,276253.2860085714
