repetition,overall_process_time,overall_waiting_time,overall_cycle_time,overall_avg_process_time,overall_avg_waiting_time,overall_avg_cycle_time
1,2620975.226669897,6068160.9838943165,182384992.327,7488.500647628277,17337.602811126617,521099.97807714285
2,2602808.718226162,4416627.52758996,145241631.07099992,7436.596337789034,12618.935793114171,414976.0887742855
