repetition,overall_process_time,overall_waiting_time,overall_cycle_time,overall_avg_process_time,overall_avg_waiting_time,overall_avg_cycle_time
1,2577183.3815167407,4722238.462902174,150875388.38299996,7363.38109004783,13492.109894006213,431072.5382371427
2,2572978.9352842546,5024017.10511555,159343728.79100004,7351.368386526442,14354.334586044428,455267.7965457144
