repetition,overall_process_time,overall_waiting_time,overall_cycle_time,overall_avg_process_time,overall_avg_waiting_time,overall_avg_cycle_time
1,2544989.249358049,3553819.455674955,126155117.63299996,7271.397855308712,10153.769873357014,360443.19323714275
2,2643230.692654515,3252731.4927186207,120423815.73199998,7552.087693298615,9293.51855062463,344068.04494857136
