repetition,overall_process_time,overall_waiting_time,overall_cycle_time,overall_avg_process_time,overall_avg_waiting_time,overall_avg_cycle_time
1,2556900.628319058,9078292.2125752,241757969.46599996,7305.43036662588,25937.977750214854,690737.0556171427
2,2574446.5964033413,4740935.074702943,149939576.81600013,7355.561704009547,13545.52878486555,428398.79090285755
