repetition,overall_process_time,overall_waiting_time,overall_cycle_time,overall_avg_process_time,overall_avg_waiting_time,overall_avg_cycle_time
1,2559582.9338462623,4968090.788208268,155041282.765,7313.094096703607,14194.545109166478,442975.0936142857
2,2607039.1865452356,7963484.681128745,218645935.60400006,7448.683390129245,22752.813374653557,624702.6731542859
