repetition,overall_process_time,overall_waiting_time,overall_cycle_time,overall_avg_process_time,overall_avg_waiting_time,overall_avg_cycle_time
1,2576842.7576459246,1601155.6851777136,85593030.84699993,7362.407878988356,4574.730529079182,244551.51670571408
2,2607797.4406948746,6799668.615762264,193652484.69200006,7450.849830556785,19427.62461646361,553292.8134057145
