repetition,overall_process_time,overall_waiting_time,overall_cycle_time,overall_avg_process_time,overall_avg_waiting_time,overall_avg_cycle_time
1,2645702.0359806516,14209901.983914645,342391408.052,7559.148674230433,40599.719954041844,978261.1658628571
2,2656942.811783985,7216582.8257723255,203699181.36700013,7591.2651765256705,20618.808073635217,581997.6610485718
