type,cost_min,cost_max,cost_median,cost_Q1,cost_Q3,cost_avg,cost_total,time_inUse_min,time_inUse_max,time_inUse_median,time_inUse_Q1,time_inUse_Q3,time_inUse_avg,time_inUse_total,time_available_min,time_available_max,time_available_median,time_available_Q1,time_available_Q3,time_available_avg,time_available_total,time_workload_min,time_workload_max,time_workload_median,time_workload_Q1,time_workload_Q3,time_workload_avg,time_workload_total,instances_instance_0_id,instances_instance_0_cost,instances_instance_0_time_inUse,instances_instance_0_time_available,instances_instance_0_time_workload
0,0.0,0.0,0.0,0.0,0.0,0.0,0.0,0.0,0.0,0.0,0.0,0.0,0.0,0.0,1.765853E7,1.765853E7,1.765853E7,1.765853E7,1.765853E7,1.765853E7,1.765853E7,0.0,0.0,0.0,0.0,0.0,0.0,0.0,#0,0.0,0,17658530,0.0
Role_8,3.531706E7,3.531706E7,3.531706E7,3.531706E7,3.531706E7,3.531706E7,3.531706E7,5.8859361E7,5.8859361E7,5.8859361E7,5.8859361E7,5.8859361E7,5.8859361E7,5.8859361E7,1.765853E7,1.765853E7,1.765853E7,1.765853E7,1.765853E7,1.765853E7,1.765853E7,3.3331971007779244,3.3331971007779244,3.3331971007779244,3.3331971007779244,3.3331971007779244,3.3331971007779244,3.3331971007779244,ID4820,3.531706E7,58859361,17658530,3.3331971007779244
Role_4,1.2360971E8,1.2360971E8,1.2360971E8,1.2360971E8,1.2360971E8,1.2360971E8,1.2360971E8,8474620.0,8474620.0,8474620.0,8474620.0,8474620.0,8474620.0,8474620.0,1.765853E7,1.765853E7,1.765853E7,1.765853E7,1.765853E7,1.765853E7,1.765853E7,0.47991650494123805,0.47991650494123805,0.47991650494123805,0.47991650494123805,0.47991650494123805,0.47991650494123805,0.47991650494123805,ID0998,1.2360971E8,8474620,17658530,0.47991650494123805
