repetition,overall_process_time,overall_waiting_time,overall_cycle_time,overall_avg_process_time,overall_avg_waiting_time,overall_avg_cycle_time
1,2616659.5289406744,152762971.40644905,3211293769.5209994,7476.170082687641,436465.6325898544,9175125.055774285
2,2577571.9532032753,144323384.47838962,3068626275.557,7364.4912948665005,412352.5270811132,8767503.644448573
