repetition,overall_process_time,overall_waiting_time,overall_cycle_time,overall_avg_process_time,overall_avg_waiting_time,overall_avg_cycle_time
1,2665648.11903042,310285156.70513946,6537966671.636,7616.137482944057,886529.0191575413,18679904.776102856
2,2515972.6570678847,287239097.9621055,6247904560.815998,7188.493305908242,820683.1370345872,17851155.88804571
