type,cost_min,cost_max,cost_median,cost_Q1,cost_Q3,cost_avg,cost_total,time_inUse_min,time_inUse_max,time_inUse_median,time_inUse_Q1,time_inUse_Q3,time_inUse_avg,time_inUse_total,time_available_min,time_available_max,time_available_median,time_available_Q1,time_available_Q3,time_available_avg,time_available_total,time_workload_min,time_workload_max,time_workload_median,time_workload_Q1,time_workload_Q3,time_workload_avg,time_workload_total,instances_instance_0_id,instances_instance_0_cost,instances_instance_0_time_inUse,instances_instance_0_time_available,instances_instance_0_time_workload
0,0.0,0.0,0.0,0.0,0.0,0.0,0.0,0.0,0.0,0.0,0.0,0.0,0.0,0.0,3.6342751E7,3.6342751E7,3.6342751E7,3.6342751E7,3.6342751E7,3.6342751E7,3.6342751E7,0.0,0.0,0.0,0.0,0.0,0.0,0.0,#0,0.0,0,36342751,0.0
Role_5,2.54399257E8,2.54399257E8,2.54399257E8,2.54399257E8,2.54399257E8,2.54399257E8,2.54399257E8,8220699.0,8220699.0,8220699.0,8220699.0,8220699.0,8220699.0,8220699.0,3.6342751E7,3.6342751E7,3.6342751E7,3.6342751E7,3.6342751E7,3.6342751E7,3.6342751E7,0.2261991394102224,0.2261991394102224,0.2261991394102224,0.2261991394102224,0.2261991394102224,0.2261991394102224,0.2261991394102224,ID0998,2.54399257E8,8220699,36342751,0.2261991394102224
Role_3,7.2685502E7,7.2685502E7,7.2685502E7,7.2685502E7,7.2685502E7,7.2685502E7,7.2685502E7,5.6745375E7,5.6745375E7,5.6745375E7,5.6745375E7,5.6745375E7,5.6745375E7,5.6745375E7,3.6342751E7,3.6342751E7,3.6342751E7,3.6342751E7,3.6342751E7,3.6342751E7,3.6342751E7,1.5613945955824864,1.5613945955824864,1.5613945955824864,1.5613945955824864,1.5613945955824864,1.5613945955824864,1.5613945955824864,ID4820,7.2685502E7,56745375,36342751,1.5613945955824864
