repetition,overall_process_time,overall_waiting_time,overall_cycle_time,overall_avg_process_time,overall_avg_waiting_time,overall_avg_cycle_time
1,2570147.607713961,25318685.107436858,569689179.9510003,7343.278879182746,72339.10030696246,1627683.3712885724
2,2578173.8304643496,20811819.13121477,482436739.7389999,7366.210944183856,59462.340374899344,1378390.6849685712
