repetition,overall_process_time,overall_waiting_time,overall_cycle_time,overall_avg_process_time,overall_avg_waiting_time,overall_avg_cycle_time
1,2618089.296546213,3711017.617107986,132248466.929,7480.255132989179,10602.907477451388,377852.7626542857
2,2614144.143300279,3338566.9839251447,124744708.41399996,7468.983266572226,9538.7628112147,356413.45261142845
