repetition,overall_process_time,overall_waiting_time,overall_cycle_time,overall_avg_process_time,overall_avg_waiting_time,overall_avg_cycle_time
1,2617253.8419429394,3465273.777506912,125347916.35900013,7477.8681198369695,9900.78222144832,358136.9038828575
2,2564738.3608525093,5126454.681190122,161248585.38799998,7327.8238881500265,14647.013374828919,460710.24396571424
