type,cost_min,cost_max,cost_median,cost_Q1,cost_Q3,cost_avg,cost_total,time_inUse_min,time_inUse_max,time_inUse_median,time_inUse_Q1,time_inUse_Q3,time_inUse_avg,time_inUse_total,time_available_min,time_available_max,time_available_median,time_available_Q1,time_available_Q3,time_available_avg,time_available_total,time_workload_min,time_workload_max,time_workload_median,time_workload_Q1,time_workload_Q3,time_workload_avg,time_workload_total,instances_instance_0_id,instances_instance_0_cost,instances_instance_0_time_inUse,instances_instance_0_time_available,instances_instance_0_time_workload
0,0.0,0.0,0.0,0.0,0.0,0.0,0.0,0.0,0.0,0.0,0.0,0.0,0.0,0.0,1207664.0,1207664.0,1207664.0,1207664.0,1207664.0,1207664.0,1207664.0,0.0,0.0,0.0,0.0,0.0,0.0,0.0,#0,0.0,0,1207664,0.0
Role_8,2415328.0,2415328.0,2415328.0,2415328.0,2415328.0,2415328.0,2415328.0,5.688825E7,5.688825E7,5.688825E7,5.688825E7,5.688825E7,5.688825E7,5.688825E7,1207664.0,1207664.0,1207664.0,1207664.0,1207664.0,1207664.0,1207664.0,47.106024523377364,47.106024523377364,47.106024523377364,47.106024523377364,47.106024523377364,47.106024523377364,47.106024523377364,ID4820,2415328.0,56888250,1207664,47.106024523377364
Role_4,8453648.0,8453648.0,8453648.0,8453648.0,8453648.0,8453648.0,8453648.0,8495201.0,8495201.0,8495201.0,8495201.0,8495201.0,8495201.0,8495201.0,1207664.0,1207664.0,1207664.0,1207664.0,1207664.0,1207664.0,1207664.0,7.0344077491752675,7.0344077491752675,7.0344077491752675,7.0344077491752675,7.0344077491752675,7.0344077491752675,7.0344077491752675,ID0998,8453648.0,8495201,1207664,7.0344077491752675
