repetition,overall_process_time,overall_waiting_time,overall_cycle_time,overall_avg_process_time,overall_avg_waiting_time,overall_avg_cycle_time
1,2524318.634988187,1472638.1841962258,84305609.62699994,7212.338957109106,4207.5376691320735,240873.170362857
2,2588567.9355709087,3986765.7924205335,136865175.62599993,7395.908387345454,11390.75940691581,391043.35893142835
